file_path,brightness,calmness,complexity
hierdec-mel_16bar_sample_2024-06-19_191439-000-of-120.mid.npy,1,3,3
hierdec-mel_16bar_sample_2024-06-19_191439-002-of-120.mid.npy,5,3,5
hierdec-mel_16bar_sample_2024-06-19_191439-003-of-120.mid.npy,5,2,2
hierdec-mel_16bar_sample_2024-06-19_191439-004-of-120.mid.npy,3,4,5
hierdec-mel_16bar_sample_2024-06-19_191439-005-of-120.mid.npy,5,3,3
hierdec-mel_16bar_sample_2024-06-19_191439-006-of-120.mid.npy,5,5,5
hierdec-mel_16bar_sample_2024-06-19_191439-007-of-120.mid.npy,5,3,1
hierdec-mel_16bar_sample_2024-06-19_191439-008-of-120.mid.npy,5,5,5
hierdec-mel_16bar_sample_2024-06-19_191439-009-of-120.mid.npy,3,5,5
hierdec-mel_16bar_sample_2024-06-19_191439-010-of-120.mid.npy,3,3,5
hierdec-mel_16bar_sample_2024-06-19_191439-011-of-120.mid.npy,3,3,5
hierdec-mel_16bar_sample_2024-06-19_191439-012-of-120.mid.npy,5,5,5
hierdec-mel_16bar_sample_2024-06-19_191439-013-of-120.mid.npy,3,3,5
hierdec-mel_16bar_sample_2024-06-19_191439-014-of-120.mid.npy,3,3,3
hierdec-mel_16bar_sample_2024-06-19_191439-015-of-120.mid.npy,1,5,5
hierdec-mel_16bar_sample_2024-06-19_191439-016-of-120.mid.npy,3,1,1
hierdec-mel_16bar_sample_2024-06-19_191439-017-of-120.mid.npy,3,3,1
hierdec-mel_16bar_sample_2024-06-19_191439-018-of-120.mid.npy,1,1,3
hierdec-mel_16bar_sample_2024-06-19_191439-019-of-120.mid.npy,1,5,3
hierdec-mel_16bar_sample_2024-06-19_191439-020-of-120.mid.npy,1,3,3
hierdec-mel_16bar_sample_2024-06-19_191439-021-of-120.mid.npy,5,5,5
hierdec-mel_16bar_sample_2024-06-19_191439-022-of-120.mid.npy,3,5,3
hierdec-mel_16bar_sample_2024-06-19_191439-023-of-120.mid.npy,3,5,3
hierdec-mel_16bar_sample_2024-06-19_191439-024-of-120.mid.npy,3,5,1
hierdec-mel_16bar_sample_2024-06-19_191439-025-of-120.mid.npy,5,3,5
hierdec-mel_16bar_sample_2024-06-19_191439-026-of-120.mid.npy,3,3,3
hierdec-mel_16bar_sample_2024-06-19_191439-027-of-120.mid.npy,3,3,5
hierdec-mel_16bar_sample_2024-06-19_191439-028-of-120.mid.npy,1,1,3
hierdec-mel_16bar_sample_2024-06-19_191439-029-of-120.mid.npy,3,1,5
hierdec-mel_16bar_sample_2024-06-19_191439-030-of-120.mid.npy,3,3,1
hierdec-mel_16bar_sample_2024-06-19_191439-031-of-120.mid.npy,3,5,3
hierdec-mel_16bar_sample_2024-06-19_191439-032-of-120.mid.npy,3,3,3
hierdec-mel_16bar_sample_2024-06-19_191439-033-of-120.mid.npy,1,3,5
hierdec-mel_16bar_sample_2024-06-19_191439-034-of-120.mid.npy,3,3,3
hierdec-mel_16bar_sample_2024-06-19_191439-035-of-120.mid.npy,3,3,5
hierdec-mel_16bar_sample_2024-06-19_191439-037-of-120.mid.npy,3,5,5
hierdec-mel_16bar_sample_2024-06-19_191439-038-of-120.mid.npy,5,1,1
hierdec-mel_16bar_sample_2024-06-19_191439-039-of-120.mid.npy,3,3,3
hierdec-mel_16bar_sample_2024-06-19_191439-040-of-120.mid.npy,1,3,5
hierdec-mel_16bar_sample_2024-06-19_191439-041-of-120.mid.npy,1,3,5
hierdec-mel_16bar_sample_2024-06-19_191439-042-of-120.mid.npy,5,5,3
hierdec-mel_16bar_sample_2024-06-19_191439-043-of-120.mid.npy,3,1,3
hierdec-mel_16bar_sample_2024-06-19_191439-044-of-120.mid.npy,5,1,1
hierdec-mel_16bar_sample_2024-06-19_191439-045-of-120.mid.npy,1,3,5
hierdec-mel_16bar_sample_2024-06-19_191439-046-of-120.mid.npy,1,3,1
hierdec-mel_16bar_sample_2024-06-19_191439-047-of-120.mid.npy,3,3,1
hierdec-mel_16bar_sample_2024-06-19_191439-049-of-120.mid.npy,3,3,5
hierdec-mel_16bar_sample_2024-06-19_191439-050-of-120.mid.npy,3,3,3
hierdec-mel_16bar_sample_2024-06-19_191439-051-of-120.mid.npy,3,1,3
hierdec-mel_16bar_sample_2024-06-19_191439-052-of-120.mid.npy,3,5,3
hierdec-mel_16bar_sample_2024-06-19_191439-053-of-120.mid.npy,3,3,3
hierdec-mel_16bar_sample_2024-06-19_191439-054-of-120.mid.npy,5,3,3
hierdec-mel_16bar_sample_2024-06-19_191439-055-of-120.mid.npy,3,3,5
hierdec-mel_16bar_sample_2024-06-19_191439-056-of-120.mid.npy,3,3,5
hierdec-mel_16bar_sample_2024-06-19_191439-057-of-120.mid.npy,3,3,1
hierdec-mel_16bar_sample_2024-06-19_191439-058-of-120.mid.npy,3,1,1
hierdec-mel_16bar_sample_2024-06-19_191439-059-of-120.mid.npy,1,1,1
hierdec-mel_16bar_sample_2024-06-19_191439-060-of-120.mid.npy,3,5,5
hierdec-mel_16bar_sample_2024-06-19_191439-061-of-120.mid.npy,3,1,3
hierdec-mel_16bar_sample_2024-06-19_191439-062-of-120.mid.npy,1,1,3
